工番,図面数,出図連絡書,変更リスト,仕様書
="9332",15,出図連絡書,変更リスト,仕様書
="9614",7,出図連絡書,変更リスト,仕様書
="9615",17,出図連絡書,変更リスト,仕様書
="9622",6,出図連絡書,変更リスト,仕様書
="9624",16,出図連絡書,変更リスト,仕様書
="09381",38,出図連絡書,変更リスト,仕様書
="09301",31,出図連絡書,変更リスト,仕様書
="09310",0,出図連絡書,変更リスト,仕様書
="09302",25,出図連絡書,変更リスト,仕様書
="09311",4,出図連絡書,変更リスト,仕様書
="09312",13,出図連絡書,変更リスト,仕様書
="09315",4,出図連絡書,変更リスト,仕様書
="09313",4,出図連絡書,変更リスト,仕様書
="09314",3,出図連絡書,変更リスト,仕様書
="09316",2,出図連絡書,変更リスト,仕様書
="09304",1,出図連絡書,変更リスト,仕様書
="09305",1,出図連絡書,変更リスト,仕様書
="09306",1,出図連絡書,変更リスト,仕様書
="9577",15,出図連絡書,変更リスト,仕様書
="9574",14,出図連絡書,変更リスト,仕様書
="09317",0,出図連絡書,変更リスト,仕様書
="09318",0,出図連絡書,変更リスト,仕様書
="09320",0,出図連絡書,変更リスト,仕様書
="09308",4,出図連絡書,変更リスト,仕様書
="09322",8,出図連絡書,変更リスト,仕様書
="09323",4,出図連絡書,変更リスト,仕様書
="09321",4,出図連絡書,変更リスト,仕様書
="09329",11,出図連絡書,変更リスト,仕様書
="09328",9,出図連絡書,変更リスト,仕様書
="09327",22,出図連絡書,変更リスト,仕様書
="09326",27,出図連絡書,変更リスト,仕様書
="09325",4,出図連絡書,変更リスト,仕様書
="09324",5,出図連絡書,変更リスト,仕様書
="09330",0,出図連絡書,変更リスト,仕様書
="09331",0,出図連絡書,変更リスト,仕様書
="09332",49,出図連絡書,変更リスト,仕様書
="09333",27,出図連絡書,変更リスト,仕様書
="09334",56,出図連絡書,変更リスト,仕様書
="09335",7,出図連絡書,変更リスト,仕様書
="09336",16,出図連絡書,変更リスト,仕様書
="09340",0,出図連絡書,変更リスト,仕様書
="09342",11,出図連絡書,変更リスト,仕様書
="09344",5,出図連絡書,変更リスト,仕様書
="09343",4,出図連絡書,変更リスト,仕様書
="09341",4,出図連絡書,変更リスト,仕様書
="09351",8,出図連絡書,変更リスト,仕様書
="09352",14,出図連絡書,変更リスト,仕様書
="09337",16,出図連絡書,変更リスト,仕様書
="09353",8,出図連絡書,変更リスト,仕様書
="09347",10,出図連絡書,変更リスト,仕様書
="09348",0,出図連絡書,変更リスト,仕様書
="09349",0,出図連絡書,変更リスト,仕様書
="09350",0,出図連絡書,変更リスト,仕様書
="09354",14,出図連絡書,変更リスト,仕様書
="09355",35,出図連絡書,変更リスト,仕様書
="09356",11,出図連絡書,変更リスト,仕様書
="09368",3,出図連絡書,変更リスト,仕様書
="09369",28,出図連絡書,変更リスト,仕様書
="09376",25,出図連絡書,変更リスト,仕様書
="09377",0,出図連絡書,変更リスト,仕様書
="09382",33,出図連絡書,変更リスト,仕様書
="09357",23,出図連絡書,変更リスト,仕様書
="09358",12,出図連絡書,変更リスト,仕様書
="09360",0,出図連絡書,変更リスト,仕様書
="09359",26,出図連絡書,変更リスト,仕様書
="09361",23,出図連絡書,変更リスト,仕様書
="09362",1,出図連絡書,変更リスト,仕様書
="09363",11,出図連絡書,変更リスト,仕様書
="09364",6,出図連絡書,変更リスト,仕様書
="09365",11,出図連絡書,変更リスト,仕様書
="09366",23,出図連絡書,変更リスト,仕様書
="09367",1,出図連絡書,変更リスト,仕様書
="09371",3,出図連絡書,変更リスト,仕様書
="09378",15,出図連絡書,変更リスト,仕様書
